rotate,4,x,i,i,i,,
rotate,4,z,i,i,i,,
rotate,4,x,i,i,i,,
rotate,4,i,x,i,i,,
rotate,4,i,z,i,i,,
rotate,4,i,x,i,i,,
rotate,4,i,i,x,i,,
rotate,4,i,i,z,i,,
rotate,4,i,i,x,i,,
rotate,2,i,i,i,x,,
rotate,4,i,i,x,z,,
rotate,-4,i,i,i,z,,
rotate,-4,i,i,x,i,,
rotate,2,i,i,z,i,,
rotate,4,i,i,x,i,,
rotate,4,i,i,z,i,,
rotate,4,i,i,x,i,,
rotate,8,i,i,z,i,,
rotate,4,i,i,x,i,,
rotate,4,i,i,z,i,,
rotate,4,i,i,x,i,,
rotate,8,i,i,z,i,,
rotate,4,i,i,x,i,,
rotate,4,i,i,z,i,,
rotate,4,i,i,x,i,,
rotate,2,i,i,z,i,,
rotate,8,i,i,z,i,,
rotate,4,i,i,x,i,,
rotate,4,i,i,z,i,,
rotate,4,i,i,x,i,,
rotate,2,i,i,z,i,,
rotate,8,i,i,z,i,,
rotate,4,i,i,x,i,,
rotate,4,i,i,z,i,,
rotate,4,i,i,x,i,,
rotate,8,i,i,z,i,,
rotate,4,i,i,x,i,,
rotate,4,i,i,z,i,,
rotate,4,i,i,x,i,,
rotate,8,i,i,z,i,,
rotate,4,i,i,x,i,,
rotate,4,i,i,z,i,,
rotate,4,i,i,x,i,,
rotate,2,i,i,z,i,,
rotate,8,i,i,z,i,,
rotate,4,i,i,x,i,,
rotate,4,i,i,z,i,,
rotate,4,i,i,x,i,,
rotate,2,i,i,z,i,,
rotate,8,i,i,z,i,,
rotate,4,i,i,x,i,,
rotate,4,i,i,z,i,,
rotate,4,i,i,x,i,,
rotate,8,i,i,z,i,,
rotate,4,i,i,x,i,,
rotate,4,i,i,z,i,,
rotate,4,i,i,x,i,,
rotate,8,i,i,z,i,,
rotate,4,i,i,x,i,,
rotate,4,i,i,z,i,,
rotate,4,i,i,x,i,,
rotate,4,i,i,z,i,,
rotate,4,i,i,i,z,,
rotate,4,i,i,i,x,,
rotate,4,i,i,i,z,,
rotate,4,i,i,i,x,,
rotate,8,i,i,i,z,,
rotate,4,i,i,i,x,,
rotate,4,i,i,i,z,,
rotate,4,i,i,i,x,,
rotate,2,i,i,i,z,,
rotate,8,i,i,i,z,,
rotate,4,i,i,i,x,,
rotate,4,i,i,i,z,,
rotate,4,i,i,i,x,,
rotate,8,i,i,i,z,,
rotate,4,i,i,i,x,,
rotate,4,i,i,i,z,,
rotate,4,i,i,i,x,,
rotate,2,i,i,i,z,,
rotate,8,i,i,i,z,,
rotate,4,i,i,i,x,,
rotate,4,i,i,i,z,,
rotate,4,i,i,i,x,,
rotate,2,i,i,i,z,,
rotate,8,i,i,i,z,,
rotate,4,i,i,i,x,,
rotate,4,i,i,i,z,,
rotate,4,i,i,i,x,,
rotate,2,i,i,i,z,,
rotate,8,i,i,i,z,,
rotate,4,i,i,i,x,,
rotate,4,i,i,i,z,,
rotate,4,i,i,i,x,,
rotate,2,i,i,i,z,,
rotate,8,i,i,i,z,,
rotate,4,i,i,i,x,,
rotate,4,i,i,i,z,,
rotate,4,i,i,i,x,,
rotate,8,i,i,i,z,,
rotate,4,i,i,i,x,,
rotate,4,i,i,i,z,,
rotate,4,i,i,i,x,,
rotate,2,i,i,i,z,,
rotate,8,i,i,i,z,,
rotate,4,i,i,i,x,,
rotate,4,i,i,i,z,,
rotate,4,i,i,i,x,,
rotate,8,i,i,i,z,,
rotate,4,i,i,i,x,,
rotate,4,i,i,i,z,,
rotate,4,i,i,i,x,,
rotate,4,i,i,x,z,,
rotate,-4,i,i,i,z,,
rotate,-4,i,i,x,i,,
rotate,4,i,i,i,x,,
rotate,4,i,i,i,z,,
rotate,4,i,i,i,x,,
rotate,4,i,i,x,z,,
rotate,-4,i,i,i,z,,
rotate,-4,i,i,x,i,,
rotate,2,i,i,z,i,,
rotate,2,i,i,x,i,,
rotate,4,i,i,x,i,,
rotate,4,i,i,z,i,,
rotate,4,i,i,x,i,,
rotate,2,i,i,z,i,,
rotate,8,i,i,z,i,,
rotate,4,i,i,x,i,,
rotate,4,i,i,z,i,,
rotate,4,i,i,x,i,,
rotate,2,i,i,z,i,,
rotate,8,i,i,z,i,,
rotate,4,i,i,x,i,,
rotate,4,i,i,z,i,,
rotate,4,i,i,x,i,,
rotate,2,i,i,z,i,,
rotate,8,i,i,z,i,,
rotate,4,i,i,x,i,,
rotate,4,i,i,z,i,,
rotate,4,i,i,x,i,,
rotate,8,i,i,z,i,,
rotate,4,i,i,x,i,,
rotate,4,i,i,z,i,,
rotate,4,i,i,x,i,,
rotate,2,i,i,z,i,,
rotate,8,i,i,z,i,,
rotate,4,i,i,x,i,,
rotate,4,i,i,z,i,,
rotate,4,i,i,x,i,,
rotate,8,i,i,z,i,,
rotate,4,i,i,x,i,,
rotate,4,i,i,z,i,,
rotate,4,i,i,x,i,,
rotate,8,i,i,z,i,,
rotate,4,i,i,x,i,,
rotate,4,i,i,z,i,,
rotate,4,i,i,x,i,,
rotate,8,i,i,z,i,,
rotate,4,i,i,x,i,,
rotate,4,i,i,z,i,,
rotate,4,i,i,x,i,,
rotate,8,i,i,z,i,,
rotate,4,i,i,x,i,,
rotate,4,i,i,z,i,,
rotate,4,i,i,x,i,,
rotate,2,i,i,z,i,,
rotate,8,i,i,z,i,,
rotate,4,i,i,x,i,,
rotate,4,i,i,z,i,,
rotate,4,i,i,x,i,,
rotate,4,i,i,z,i,,
rotate,4,i,i,i,z,,
rotate,2,i,i,i,x,,
rotate,4,i,i,i,x,,
rotate,4,i,i,i,z,,
rotate,4,i,i,i,x,,
rotate,2,i,i,i,z,,
rotate,8,i,i,i,z,,
rotate,4,i,i,i,x,,
rotate,4,i,i,i,z,,
rotate,4,i,i,i,x,,
rotate,8,i,i,i,z,,
rotate,4,i,i,i,x,,
rotate,4,i,i,i,z,,
rotate,4,i,i,i,x,,
rotate,8,i,i,i,z,,
rotate,4,i,i,i,x,,
rotate,4,i,i,i,z,,
rotate,4,i,i,i,x,,
rotate,8,i,i,i,z,,
rotate,4,i,i,i,x,,
rotate,4,i,i,i,z,,
rotate,4,i,i,i,x,,
rotate,8,i,i,i,z,,
rotate,4,i,i,i,x,,
rotate,4,i,i,i,z,,
rotate,4,i,i,i,x,,
rotate,2,i,i,i,z,,
rotate,8,i,i,i,z,,
rotate,4,i,i,i,x,,
rotate,4,i,i,i,z,,
rotate,4,i,i,i,x,,
rotate,8,i,i,i,z,,
rotate,4,i,i,i,x,,
rotate,4,i,i,i,z,,
rotate,4,i,i,i,x,,
rotate,2,i,i,i,z,,
rotate,8,i,i,i,z,,
rotate,4,i,i,i,x,,
rotate,4,i,i,i,z,,
rotate,4,i,i,i,x,,
rotate,2,i,i,i,z,,
rotate,8,i,i,i,z,,
rotate,4,i,i,i,x,,
rotate,4,i,i,i,z,,
rotate,4,i,i,i,x,,
rotate,2,i,i,i,z,,
rotate,8,i,i,i,z,,
rotate,4,i,i,i,x,,
rotate,4,i,i,i,z,,
rotate,4,i,i,i,x,,
rotate,4,i,i,x,z,,
rotate,-4,i,i,i,z,,
rotate,-4,i,i,x,i,,
rotate,4,i,i,z,i,,
rotate,2,i,i,x,i,,
rotate,4,i,i,x,i,,
rotate,4,i,i,z,i,,
rotate,4,i,i,x,i,,
rotate,2,i,i,z,i,,
rotate,8,i,i,z,i,,
rotate,4,i,i,x,i,,
rotate,4,i,i,z,i,,
rotate,4,i,i,x,i,,
rotate,8,i,i,z,i,,
rotate,4,i,i,x,i,,
rotate,4,i,i,z,i,,
rotate,4,i,i,x,i,,
rotate,2,i,i,z,i,,
rotate,8,i,i,z,i,,
rotate,4,i,i,x,i,,
rotate,4,i,i,z,i,,
rotate,4,i,i,x,i,,
rotate,8,i,i,z,i,,
rotate,4,i,i,x,i,,
rotate,4,i,i,z,i,,
rotate,4,i,i,x,i,,
rotate,8,i,i,z,i,,
rotate,4,i,i,x,i,,
rotate,4,i,i,z,i,,
rotate,4,i,i,x,i,,
rotate,8,i,i,z,i,,
rotate,4,i,i,x,i,,
rotate,4,i,i,z,i,,
rotate,4,i,i,x,i,,
rotate,8,i,i,z,i,,
rotate,4,i,i,x,i,,
rotate,4,i,i,z,i,,
rotate,4,i,i,x,i,,
rotate,2,i,i,z,i,,
rotate,8,i,i,z,i,,
rotate,4,i,i,x,i,,
rotate,4,i,i,z,i,,
rotate,4,i,i,x,i,,
rotate,2,i,i,z,i,,
rotate,8,i,i,z,i,,
rotate,4,i,i,x,i,,
rotate,4,i,i,z,i,,
rotate,4,i,i,x,i,,
rotate,2,i,i,z,i,,
rotate,8,i,i,z,i,,
rotate,4,i,i,x,i,,
rotate,4,i,i,z,i,,
rotate,4,i,i,x,i,,
rotate,8,i,i,z,i,,
rotate,4,i,i,x,i,,
rotate,4,i,i,z,i,,
rotate,4,i,i,x,i,,
rotate,2,i,i,z,i,,
rotate,8,i,i,z,i,,
rotate,4,i,i,x,i,,
rotate,4,i,i,z,i,,
rotate,4,i,i,x,i,,
rotate,2,i,i,z,i,,
rotate,8,i,i,z,i,,
rotate,4,i,i,x,i,,
rotate,4,i,i,z,i,,
rotate,4,i,i,x,i,,
rotate,2,i,i,z,i,,
rotate,8,i,i,z,i,,
rotate,4,i,i,x,i,,
rotate,4,i,i,z,i,,
rotate,4,i,i,x,i,,
rotate,8,i,i,z,i,,
rotate,4,i,i,x,i,,
rotate,4,i,i,z,i,,
rotate,4,i,i,x,i,,
rotate,4,i,i,z,i,,
rotate,4,i,i,i,x,,
rotate,4,i,i,i,z,,
rotate,4,i,i,i,x,,
rotate,4,i,x,i,z,,
rotate,-4,i,i,i,z,,
rotate,-4,i,x,i,i,,
rotate,2,i,z,i,i,,
rotate,4,i,x,i,i,,
rotate,4,i,z,i,i,,
rotate,4,i,x,i,i,,
rotate,8,i,z,i,i,,
rotate,4,i,x,i,i,,
rotate,4,i,z,i,i,,
rotate,4,i,x,i,i,,
rotate,8,i,z,i,i,,
rotate,4,i,x,i,i,,
rotate,4,i,z,i,i,,
rotate,4,i,x,i,i,,
rotate,2,i,z,i,i,,
rotate,8,i,z,i,i,,
rotate,4,i,x,i,i,,
rotate,4,i,z,i,i,,
rotate,4,i,x,i,i,,
rotate,2,i,z,i,i,,
rotate,8,i,z,i,i,,
rotate,4,i,x,i,i,,
rotate,4,i,z,i,i,,
rotate,4,i,x,i,i,,
rotate,8,i,z,i,i,,
rotate,4,i,x,i,i,,
rotate,4,i,z,i,i,,
rotate,4,i,x,i,i,,
rotate,8,i,z,i,i,,
rotate,4,i,x,i,i,,
rotate,4,i,z,i,i,,
rotate,4,i,x,i,i,,
rotate,2,i,z,i,i,,
rotate,8,i,z,i,i,,
rotate,4,i,x,i,i,,
rotate,4,i,z,i,i,,
rotate,4,i,x,i,i,,
rotate,2,i,z,i,i,,
rotate,8,i,z,i,i,,
rotate,4,i,x,i,i,,
rotate,4,i,z,i,i,,
rotate,4,i,x,i,i,,
rotate,8,i,z,i,i,,
rotate,4,i,x,i,i,,
rotate,4,i,z,i,i,,
rotate,4,i,x,i,i,,
rotate,8,i,z,i,i,,
rotate,4,i,x,i,i,,
rotate,4,i,z,i,i,,
rotate,4,i,x,i,i,,
rotate,4,i,z,i,i,,
rotate,4,i,i,i,z,,
rotate,4,i,i,i,x,,
rotate,4,i,i,i,z,,
rotate,4,i,i,i,x,,
rotate,8,i,i,i,z,,
rotate,4,i,i,i,x,,
rotate,4,i,i,i,z,,
rotate,4,i,i,i,x,,
rotate,2,i,i,i,z,,
rotate,8,i,i,i,z,,
rotate,4,i,i,i,x,,
rotate,4,i,i,i,z,,
rotate,4,i,i,i,x,,
rotate,8,i,i,i,z,,
rotate,4,i,i,i,x,,
rotate,4,i,i,i,z,,
rotate,4,i,i,i,x,,
rotate,2,i,i,i,z,,
rotate,8,i,i,i,z,,
rotate,4,i,i,i,x,,
rotate,4,i,i,i,z,,
rotate,4,i,i,i,x,,
rotate,2,i,i,i,z,,
rotate,8,i,i,i,z,,
rotate,4,i,i,i,x,,
rotate,4,i,i,i,z,,
rotate,4,i,i,i,x,,
rotate,2,i,i,i,z,,
rotate,8,i,i,i,z,,
rotate,4,i,i,i,x,,
rotate,4,i,i,i,z,,
rotate,4,i,i,i,x,,
rotate,2,i,i,i,z,,
rotate,8,i,i,i,z,,
rotate,4,i,i,i,x,,
rotate,4,i,i,i,z,,
rotate,4,i,i,i,x,,
rotate,8,i,i,i,z,,
rotate,4,i,i,i,x,,
rotate,4,i,i,i,z,,
rotate,4,i,i,i,x,,
rotate,2,i,i,i,z,,
rotate,8,i,i,i,z,,
rotate,4,i,i,i,x,,
rotate,4,i,i,i,z,,
rotate,4,i,i,i,x,,
rotate,8,i,i,i,z,,
rotate,4,i,i,i,x,,
rotate,4,i,i,i,z,,
rotate,4,i,i,i,x,,
rotate,4,i,x,i,z,,
rotate,-4,i,i,i,z,,
rotate,-4,i,x,i,i,,
rotate,4,i,i,i,x,,
rotate,4,i,i,i,z,,
rotate,4,i,i,i,x,,
rotate,4,i,x,i,z,,
rotate,-4,i,i,i,z,,
rotate,-4,i,x,i,i,,
rotate,2,i,z,i,i,,
rotate,2,i,x,i,i,,
rotate,4,i,x,i,i,,
rotate,4,i,z,i,i,,
rotate,4,i,x,i,i,,
rotate,2,i,z,i,i,,
rotate,8,i,z,i,i,,
rotate,4,i,x,i,i,,
rotate,4,i,z,i,i,,
rotate,4,i,x,i,i,,
rotate,2,i,z,i,i,,
rotate,8,i,z,i,i,,
rotate,4,i,x,i,i,,
rotate,4,i,z,i,i,,
rotate,4,i,x,i,i,,
rotate,2,i,z,i,i,,
rotate,8,i,z,i,i,,
rotate,4,i,x,i,i,,
rotate,4,i,z,i,i,,
rotate,4,i,x,i,i,,
rotate,8,i,z,i,i,,
rotate,4,i,x,i,i,,
rotate,4,i,z,i,i,,
rotate,4,i,x,i,i,,
rotate,2,i,z,i,i,,
rotate,8,i,z,i,i,,
rotate,4,i,x,i,i,,
rotate,4,i,z,i,i,,
rotate,4,i,x,i,i,,
rotate,8,i,z,i,i,,
rotate,4,i,x,i,i,,
rotate,4,i,z,i,i,,
rotate,4,i,x,i,i,,
rotate,8,i,z,i,i,,
rotate,4,i,x,i,i,,
rotate,4,i,z,i,i,,
rotate,4,i,x,i,i,,
rotate,8,i,z,i,i,,
rotate,4,i,x,i,i,,
rotate,4,i,z,i,i,,
rotate,4,i,x,i,i,,
rotate,8,i,z,i,i,,
rotate,4,i,x,i,i,,
rotate,4,i,z,i,i,,
rotate,4,i,x,i,i,,
rotate,2,i,z,i,i,,
rotate,8,i,z,i,i,,
rotate,4,i,x,i,i,,
rotate,4,i,z,i,i,,
rotate,4,i,x,i,i,,
rotate,4,i,z,i,i,,
rotate,4,i,i,i,z,,
rotate,2,i,i,i,x,,
rotate,4,i,i,i,x,,
rotate,4,i,i,i,z,,
rotate,4,i,i,i,x,,
rotate,2,i,i,i,z,,
rotate,8,i,i,i,z,,
rotate,4,i,i,i,x,,
rotate,4,i,i,i,z,,
rotate,4,i,i,i,x,,
rotate,8,i,i,i,z,,
rotate,4,i,i,i,x,,
rotate,4,i,i,i,z,,
rotate,4,i,i,i,x,,
rotate,8,i,i,i,z,,
rotate,4,i,i,i,x,,
rotate,4,i,i,i,z,,
rotate,4,i,i,i,x,,
rotate,8,i,i,i,z,,
rotate,4,i,i,i,x,,
rotate,4,i,i,i,z,,
rotate,4,i,i,i,x,,
rotate,8,i,i,i,z,,
rotate,4,i,i,i,x,,
rotate,4,i,i,i,z,,
rotate,4,i,i,i,x,,
rotate,2,i,i,i,z,,
rotate,8,i,i,i,z,,
rotate,4,i,i,i,x,,
rotate,4,i,i,i,z,,
rotate,4,i,i,i,x,,
rotate,8,i,i,i,z,,
rotate,4,i,i,i,x,,
rotate,4,i,i,i,z,,
rotate,4,i,i,i,x,,
rotate,2,i,i,i,z,,
rotate,8,i,i,i,z,,
rotate,4,i,i,i,x,,
rotate,4,i,i,i,z,,
rotate,4,i,i,i,x,,
rotate,2,i,i,i,z,,
rotate,8,i,i,i,z,,
rotate,4,i,i,i,x,,
rotate,4,i,i,i,z,,
rotate,4,i,i,i,x,,
rotate,2,i,i,i,z,,
rotate,8,i,i,i,z,,
rotate,4,i,i,i,x,,
rotate,4,i,i,i,z,,
rotate,4,i,i,i,x,,
rotate,4,i,x,i,z,,
rotate,-4,i,i,i,z,,
rotate,-4,i,x,i,i,,
rotate,4,i,i,i,x,,
rotate,4,i,i,i,z,,
rotate,4,i,i,i,x,,
rotate,4,i,x,i,z,,
rotate,-4,i,i,i,z,,
rotate,-4,i,x,i,i,,
rotate,2,i,z,i,i,,
rotate,4,i,x,i,i,,
rotate,4,i,z,i,i,,
rotate,4,i,x,i,i,,
rotate,8,i,z,i,i,,
rotate,4,i,x,i,i,,
rotate,4,i,z,i,i,,
rotate,4,i,x,i,i,,
rotate,8,i,z,i,i,,
rotate,4,i,x,i,i,,
rotate,4,i,z,i,i,,
rotate,4,i,x,i,i,,
rotate,2,i,z,i,i,,
rotate,8,i,z,i,i,,
rotate,4,i,x,i,i,,
rotate,4,i,z,i,i,,
rotate,4,i,x,i,i,,
rotate,2,i,z,i,i,,
rotate,8,i,z,i,i,,
rotate,4,i,x,i,i,,
rotate,4,i,z,i,i,,
rotate,4,i,x,i,i,,
rotate,8,i,z,i,i,,
rotate,4,i,x,i,i,,
rotate,4,i,z,i,i,,
rotate,4,i,x,i,i,,
rotate,8,i,z,i,i,,
rotate,4,i,x,i,i,,
rotate,4,i,z,i,i,,
rotate,4,i,x,i,i,,
rotate,2,i,z,i,i,,
rotate,8,i,z,i,i,,
rotate,4,i,x,i,i,,
rotate,4,i,z,i,i,,
rotate,4,i,x,i,i,,
rotate,2,i,z,i,i,,
rotate,8,i,z,i,i,,
rotate,4,i,x,i,i,,
rotate,4,i,z,i,i,,
rotate,4,i,x,i,i,,
rotate,8,i,z,i,i,,
rotate,4,i,x,i,i,,
rotate,4,i,z,i,i,,
rotate,4,i,x,i,i,,
rotate,8,i,z,i,i,,
rotate,4,i,x,i,i,,
rotate,4,i,z,i,i,,
rotate,4,i,x,i,i,,
rotate,4,i,z,i,i,,
rotate,4,i,i,i,z,,
rotate,4,i,i,i,x,,
rotate,4,i,i,i,z,,
rotate,4,i,i,i,x,,
rotate,8,i,i,i,z,,
rotate,4,i,i,i,x,,
rotate,4,i,i,i,z,,
rotate,4,i,i,i,x,,
rotate,2,i,i,i,z,,
rotate,8,i,i,i,z,,
rotate,4,i,i,i,x,,
rotate,4,i,i,i,z,,
rotate,4,i,i,i,x,,
rotate,8,i,i,i,z,,
rotate,4,i,i,i,x,,
rotate,4,i,i,i,z,,
rotate,4,i,i,i,x,,
rotate,2,i,i,i,z,,
rotate,8,i,i,i,z,,
rotate,4,i,i,i,x,,
rotate,4,i,i,i,z,,
rotate,4,i,i,i,x,,
rotate,2,i,i,i,z,,
rotate,8,i,i,i,z,,
rotate,4,i,i,i,x,,
rotate,4,i,i,i,z,,
rotate,4,i,i,i,x,,
rotate,2,i,i,i,z,,
rotate,8,i,i,i,z,,
rotate,4,i,i,i,x,,
rotate,4,i,i,i,z,,
rotate,4,i,i,i,x,,
rotate,2,i,i,i,z,,
rotate,8,i,i,i,z,,
rotate,4,i,i,i,x,,
rotate,4,i,i,i,z,,
rotate,4,i,i,i,x,,
rotate,8,i,i,i,z,,
rotate,4,i,i,i,x,,
rotate,4,i,i,i,z,,
rotate,4,i,i,i,x,,
rotate,2,i,i,i,z,,
rotate,8,i,i,i,z,,
rotate,4,i,i,i,x,,
rotate,4,i,i,i,z,,
rotate,4,i,i,i,x,,
rotate,8,i,i,i,z,,
rotate,4,i,i,i,x,,
rotate,4,i,i,i,z,,
rotate,4,i,i,i,x,,
rotate,4,i,x,i,z,,
rotate,-4,i,i,i,z,,
rotate,-4,i,x,i,i,,
rotate,4,i,i,i,x,,
rotate,4,i,i,i,z,,
rotate,4,i,i,i,x,,
rotate,4,i,x,i,z,,
rotate,-4,i,i,i,z,,
rotate,-4,i,x,i,i,,
rotate,2,i,z,i,i,,
rotate,2,i,x,i,i,,
rotate,4,i,x,i,i,,
rotate,4,i,z,i,i,,
rotate,4,i,x,i,i,,
rotate,2,i,z,i,i,,
rotate,8,i,z,i,i,,
rotate,4,i,x,i,i,,
rotate,4,i,z,i,i,,
rotate,4,i,x,i,i,,
rotate,2,i,z,i,i,,
rotate,8,i,z,i,i,,
rotate,4,i,x,i,i,,
rotate,4,i,z,i,i,,
rotate,4,i,x,i,i,,
rotate,2,i,z,i,i,,
rotate,8,i,z,i,i,,
rotate,4,i,x,i,i,,
rotate,4,i,z,i,i,,
rotate,4,i,x,i,i,,
rotate,8,i,z,i,i,,
rotate,4,i,x,i,i,,
rotate,4,i,z,i,i,,
rotate,4,i,x,i,i,,
rotate,2,i,z,i,i,,
rotate,8,i,z,i,i,,
rotate,4,i,x,i,i,,
rotate,4,i,z,i,i,,
rotate,4,i,x,i,i,,
rotate,8,i,z,i,i,,
rotate,4,i,x,i,i,,
rotate,4,i,z,i,i,,
rotate,4,i,x,i,i,,
rotate,8,i,z,i,i,,
rotate,4,i,x,i,i,,
rotate,4,i,z,i,i,,
rotate,4,i,x,i,i,,
rotate,8,i,z,i,i,,
rotate,4,i,x,i,i,,
rotate,4,i,z,i,i,,
rotate,4,i,x,i,i,,
rotate,8,i,z,i,i,,
rotate,4,i,x,i,i,,
rotate,4,i,z,i,i,,
rotate,4,i,x,i,i,,
rotate,2,i,z,i,i,,
rotate,8,i,z,i,i,,
rotate,4,i,x,i,i,,
rotate,4,i,z,i,i,,
rotate,4,i,x,i,i,,
rotate,4,i,z,i,i,,
rotate,4,i,i,i,z,,
rotate,2,i,i,i,x,,
rotate,4,i,i,i,x,,
rotate,4,i,i,i,z,,
rotate,4,i,i,i,x,,
rotate,2,i,i,i,z,,
rotate,8,i,i,i,z,,
rotate,4,i,i,i,x,,
rotate,4,i,i,i,z,,
rotate,4,i,i,i,x,,
rotate,8,i,i,i,z,,
rotate,4,i,i,i,x,,
rotate,4,i,i,i,z,,
rotate,4,i,i,i,x,,
rotate,8,i,i,i,z,,
rotate,4,i,i,i,x,,
rotate,4,i,i,i,z,,
rotate,4,i,i,i,x,,
rotate,8,i,i,i,z,,
rotate,4,i,i,i,x,,
rotate,4,i,i,i,z,,
rotate,4,i,i,i,x,,
rotate,8,i,i,i,z,,
rotate,4,i,i,i,x,,
rotate,4,i,i,i,z,,
rotate,4,i,i,i,x,,
rotate,2,i,i,i,z,,
rotate,8,i,i,i,z,,
rotate,4,i,i,i,x,,
rotate,4,i,i,i,z,,
rotate,4,i,i,i,x,,
rotate,8,i,i,i,z,,
rotate,4,i,i,i,x,,
rotate,4,i,i,i,z,,
rotate,4,i,i,i,x,,
rotate,2,i,i,i,z,,
rotate,8,i,i,i,z,,
rotate,4,i,i,i,x,,
rotate,4,i,i,i,z,,
rotate,4,i,i,i,x,,
rotate,2,i,i,i,z,,
rotate,8,i,i,i,z,,
rotate,4,i,i,i,x,,
rotate,4,i,i,i,z,,
rotate,4,i,i,i,x,,
rotate,2,i,i,i,z,,
rotate,8,i,i,i,z,,
rotate,4,i,i,i,x,,
rotate,4,i,i,i,z,,
rotate,4,i,i,i,x,,
rotate,4,i,x,i,z,,
rotate,-4,i,i,i,z,,
rotate,-4,i,x,i,i,,
rotate,8,i,z,i,i,,
rotate,4,i,i,i,x,,
rotate,4,i,i,i,z,,
rotate,4,i,i,i,x,,
rotate,4,x,i,i,z,,
rotate,-4,i,i,i,z,,
rotate,-4,x,i,i,i,,
rotate,2,z,i,i,i,,
rotate,4,x,i,i,i,,
rotate,4,z,i,i,i,,
rotate,4,x,i,i,i,,
rotate,8,z,i,i,i,,
rotate,4,x,i,i,i,,
rotate,4,z,i,i,i,,
rotate,4,x,i,i,i,,
rotate,8,z,i,i,i,,
rotate,4,x,i,i,i,,
rotate,4,z,i,i,i,,
rotate,4,x,i,i,i,,
rotate,2,z,i,i,i,,
rotate,8,z,i,i,i,,
rotate,4,x,i,i,i,,
rotate,4,z,i,i,i,,
rotate,4,x,i,i,i,,
rotate,2,z,i,i,i,,
rotate,8,z,i,i,i,,
rotate,4,x,i,i,i,,
rotate,4,z,i,i,i,,
rotate,4,x,i,i,i,,
rotate,8,z,i,i,i,,
rotate,4,x,i,i,i,,
rotate,4,z,i,i,i,,
rotate,4,x,i,i,i,,
rotate,8,z,i,i,i,,
rotate,4,x,i,i,i,,
rotate,4,z,i,i,i,,
rotate,4,x,i,i,i,,
rotate,2,z,i,i,i,,
rotate,8,z,i,i,i,,
rotate,4,x,i,i,i,,
rotate,4,z,i,i,i,,
rotate,4,x,i,i,i,,
rotate,2,z,i,i,i,,
rotate,8,z,i,i,i,,
rotate,4,x,i,i,i,,
rotate,4,z,i,i,i,,
rotate,4,x,i,i,i,,
rotate,8,z,i,i,i,,
rotate,4,x,i,i,i,,
rotate,4,z,i,i,i,,
rotate,4,x,i,i,i,,
rotate,8,z,i,i,i,,
rotate,4,x,i,i,i,,
rotate,4,z,i,i,i,,
rotate,4,x,i,i,i,,
rotate,4,z,i,i,i,,
rotate,4,i,i,i,z,,
rotate,4,i,i,i,x,,
rotate,4,i,i,i,z,,
rotate,4,i,i,i,x,,
rotate,8,i,i,i,z,,
rotate,4,i,i,i,x,,
rotate,4,i,i,i,z,,
rotate,4,i,i,i,x,,
rotate,2,i,i,i,z,,
rotate,8,i,i,i,z,,
rotate,4,i,i,i,x,,
rotate,4,i,i,i,z,,
rotate,4,i,i,i,x,,
rotate,8,i,i,i,z,,
rotate,4,i,i,i,x,,
rotate,4,i,i,i,z,,
rotate,4,i,i,i,x,,
rotate,2,i,i,i,z,,
rotate,8,i,i,i,z,,
rotate,4,i,i,i,x,,
rotate,4,i,i,i,z,,
rotate,4,i,i,i,x,,
rotate,2,i,i,i,z,,
rotate,8,i,i,i,z,,
rotate,4,i,i,i,x,,
rotate,4,i,i,i,z,,
rotate,4,i,i,i,x,,
rotate,2,i,i,i,z,,
rotate,8,i,i,i,z,,
rotate,4,i,i,i,x,,
rotate,4,i,i,i,z,,
rotate,4,i,i,i,x,,
rotate,2,i,i,i,z,,
rotate,8,i,i,i,z,,
rotate,4,i,i,i,x,,
rotate,4,i,i,i,z,,
rotate,4,i,i,i,x,,
rotate,8,i,i,i,z,,
rotate,4,i,i,i,x,,
rotate,4,i,i,i,z,,
rotate,4,i,i,i,x,,
rotate,2,i,i,i,z,,
rotate,8,i,i,i,z,,
rotate,4,i,i,i,x,,
rotate,4,i,i,i,z,,
rotate,4,i,i,i,x,,
rotate,8,i,i,i,z,,
rotate,4,i,i,i,x,,
rotate,4,i,i,i,z,,
rotate,4,i,i,i,x,,
rotate,4,x,i,i,z,,
rotate,-4,i,i,i,z,,
rotate,-4,x,i,i,i,,
rotate,4,i,i,i,x,,
rotate,4,i,i,i,z,,
rotate,4,i,i,i,x,,
rotate,4,x,i,i,z,,
rotate,-4,i,i,i,z,,
rotate,-4,x,i,i,i,,
rotate,2,z,i,i,i,,
rotate,2,x,i,i,i,,
rotate,4,x,i,i,i,,
rotate,4,z,i,i,i,,
rotate,4,x,i,i,i,,
rotate,2,z,i,i,i,,
rotate,8,z,i,i,i,,
rotate,4,x,i,i,i,,
rotate,4,z,i,i,i,,
rotate,4,x,i,i,i,,
rotate,2,z,i,i,i,,
rotate,8,z,i,i,i,,
rotate,4,x,i,i,i,,
rotate,4,z,i,i,i,,
rotate,4,x,i,i,i,,
rotate,2,z,i,i,i,,
rotate,8,z,i,i,i,,
rotate,4,x,i,i,i,,
rotate,4,z,i,i,i,,
rotate,4,x,i,i,i,,
rotate,8,z,i,i,i,,
rotate,4,x,i,i,i,,
rotate,4,z,i,i,i,,
rotate,4,x,i,i,i,,
rotate,2,z,i,i,i,,
rotate,8,z,i,i,i,,
rotate,4,x,i,i,i,,
rotate,4,z,i,i,i,,
rotate,4,x,i,i,i,,
rotate,8,z,i,i,i,,
rotate,4,x,i,i,i,,
rotate,4,z,i,i,i,,
rotate,4,x,i,i,i,,
rotate,8,z,i,i,i,,
rotate,4,x,i,i,i,,
rotate,4,z,i,i,i,,
rotate,4,x,i,i,i,,
rotate,8,z,i,i,i,,
rotate,4,x,i,i,i,,
rotate,4,z,i,i,i,,
rotate,4,x,i,i,i,,
rotate,8,z,i,i,i,,
rotate,4,x,i,i,i,,
rotate,4,z,i,i,i,,
rotate,4,x,i,i,i,,
rotate,2,z,i,i,i,,
rotate,8,z,i,i,i,,
rotate,4,x,i,i,i,,
rotate,4,z,i,i,i,,
rotate,4,x,i,i,i,,
rotate,4,z,i,i,i,,
rotate,4,i,i,i,z,,
rotate,2,i,i,i,x,,
rotate,4,i,i,i,x,,
rotate,4,i,i,i,z,,
rotate,4,i,i,i,x,,
rotate,2,i,i,i,z,,
rotate,8,i,i,i,z,,
rotate,4,i,i,i,x,,
rotate,4,i,i,i,z,,
rotate,4,i,i,i,x,,
rotate,8,i,i,i,z,,
rotate,4,i,i,i,x,,
rotate,4,i,i,i,z,,
rotate,4,i,i,i,x,,
rotate,8,i,i,i,z,,
rotate,4,i,i,i,x,,
rotate,4,i,i,i,z,,
rotate,4,i,i,i,x,,
rotate,8,i,i,i,z,,
rotate,4,i,i,i,x,,
rotate,4,i,i,i,z,,
rotate,4,i,i,i,x,,
rotate,8,i,i,i,z,,
rotate,4,i,i,i,x,,
rotate,4,i,i,i,z,,
rotate,4,i,i,i,x,,
rotate,2,i,i,i,z,,
rotate,8,i,i,i,z,,
rotate,4,i,i,i,x,,
rotate,4,i,i,i,z,,
rotate,4,i,i,i,x,,
rotate,8,i,i,i,z,,
rotate,4,i,i,i,x,,
rotate,4,i,i,i,z,,
rotate,4,i,i,i,x,,
rotate,2,i,i,i,z,,
rotate,8,i,i,i,z,,
rotate,4,i,i,i,x,,
rotate,4,i,i,i,z,,
rotate,4,i,i,i,x,,
rotate,2,i,i,i,z,,
rotate,8,i,i,i,z,,
rotate,4,i,i,i,x,,
rotate,4,i,i,i,z,,
rotate,4,i,i,i,x,,
rotate,2,i,i,i,z,,
rotate,8,i,i,i,z,,
rotate,4,i,i,i,x,,
rotate,4,i,i,i,z,,
rotate,4,i,i,i,x,,
rotate,4,x,i,i,z,,
rotate,-4,i,i,i,z,,
rotate,-4,x,i,i,i,,
rotate,4,i,i,i,x,,
rotate,4,i,i,i,z,,
rotate,4,i,i,i,x,,
rotate,4,x,i,i,z,,
rotate,-4,i,i,i,z,,
rotate,-4,x,i,i,i,,
rotate,2,z,i,i,i,,
rotate,4,x,i,i,i,,
rotate,4,z,i,i,i,,
rotate,4,x,i,i,i,,
rotate,8,z,i,i,i,,
rotate,4,x,i,i,i,,
rotate,4,z,i,i,i,,
rotate,4,x,i,i,i,,
rotate,8,z,i,i,i,,
rotate,4,x,i,i,i,,
rotate,4,z,i,i,i,,
rotate,4,x,i,i,i,,
rotate,2,z,i,i,i,,
rotate,8,z,i,i,i,,
rotate,4,x,i,i,i,,
rotate,4,z,i,i,i,,
rotate,4,x,i,i,i,,
rotate,2,z,i,i,i,,
rotate,8,z,i,i,i,,
rotate,4,x,i,i,i,,
rotate,4,z,i,i,i,,
rotate,4,x,i,i,i,,
rotate,8,z,i,i,i,,
rotate,4,x,i,i,i,,
rotate,4,z,i,i,i,,
rotate,4,x,i,i,i,,
rotate,8,z,i,i,i,,
rotate,4,x,i,i,i,,
rotate,4,z,i,i,i,,
rotate,4,x,i,i,i,,
rotate,2,z,i,i,i,,
rotate,8,z,i,i,i,,
rotate,4,x,i,i,i,,
rotate,4,z,i,i,i,,
rotate,4,x,i,i,i,,
rotate,2,z,i,i,i,,
rotate,8,z,i,i,i,,
rotate,4,x,i,i,i,,
rotate,4,z,i,i,i,,
rotate,4,x,i,i,i,,
rotate,8,z,i,i,i,,
rotate,4,x,i,i,i,,
rotate,4,z,i,i,i,,
rotate,4,x,i,i,i,,
rotate,8,z,i,i,i,,
rotate,4,x,i,i,i,,
rotate,4,z,i,i,i,,
rotate,4,x,i,i,i,,
rotate,4,z,i,i,i,,
rotate,4,i,i,i,z,,
rotate,4,i,i,i,x,,
rotate,4,i,i,i,z,,
rotate,4,i,i,i,x,,
rotate,8,i,i,i,z,,
rotate,4,i,i,i,x,,
rotate,4,i,i,i,z,,
rotate,4,i,i,i,x,,
rotate,2,i,i,i,z,,
rotate,8,i,i,i,z,,
rotate,4,i,i,i,x,,
rotate,4,i,i,i,z,,
rotate,4,i,i,i,x,,
rotate,8,i,i,i,z,,
rotate,4,i,i,i,x,,
rotate,4,i,i,i,z,,
rotate,4,i,i,i,x,,
rotate,2,i,i,i,z,,
rotate,8,i,i,i,z,,
rotate,4,i,i,i,x,,
rotate,4,i,i,i,z,,
rotate,4,i,i,i,x,,
rotate,2,i,i,i,z,,
rotate,8,i,i,i,z,,
rotate,4,i,i,i,x,,
rotate,4,i,i,i,z,,
rotate,4,i,i,i,x,,
rotate,2,i,i,i,z,,
rotate,8,i,i,i,z,,
rotate,4,i,i,i,x,,
rotate,4,i,i,i,z,,
rotate,4,i,i,i,x,,
rotate,2,i,i,i,z,,
rotate,8,i,i,i,z,,
rotate,4,i,i,i,x,,
rotate,4,i,i,i,z,,
rotate,4,i,i,i,x,,
rotate,8,i,i,i,z,,
rotate,4,i,i,i,x,,
rotate,4,i,i,i,z,,
rotate,4,i,i,i,x,,
rotate,2,i,i,i,z,,
rotate,8,i,i,i,z,,
rotate,4,i,i,i,x,,
rotate,4,i,i,i,z,,
rotate,4,i,i,i,x,,
rotate,8,i,i,i,z,,
rotate,4,i,i,i,x,,
rotate,4,i,i,i,z,,
rotate,4,i,i,i,x,,
rotate,4,x,i,i,z,,
rotate,-4,i,i,i,z,,
rotate,-4,x,i,i,i,,
rotate,4,i,i,i,x,,
rotate,4,i,i,i,z,,
rotate,4,i,i,i,x,,
rotate,4,x,i,i,z,,
rotate,-4,i,i,i,z,,
rotate,-4,x,i,i,i,,
rotate,2,z,i,i,i,,
rotate,2,x,i,i,i,,
rotate,4,x,i,i,i,,
rotate,4,z,i,i,i,,
rotate,4,x,i,i,i,,
rotate,2,z,i,i,i,,
rotate,8,z,i,i,i,,
rotate,4,x,i,i,i,,
rotate,4,z,i,i,i,,
rotate,4,x,i,i,i,,
rotate,2,z,i,i,i,,
rotate,8,z,i,i,i,,
rotate,4,x,i,i,i,,
rotate,4,z,i,i,i,,
rotate,4,x,i,i,i,,
rotate,2,z,i,i,i,,
rotate,8,z,i,i,i,,
rotate,4,x,i,i,i,,
rotate,4,z,i,i,i,,
rotate,4,x,i,i,i,,
rotate,8,z,i,i,i,,
rotate,4,x,i,i,i,,
rotate,4,z,i,i,i,,
rotate,4,x,i,i,i,,
rotate,2,z,i,i,i,,
rotate,8,z,i,i,i,,
rotate,4,x,i,i,i,,
rotate,4,z,i,i,i,,
rotate,4,x,i,i,i,,
rotate,8,z,i,i,i,,
rotate,4,x,i,i,i,,
rotate,4,z,i,i,i,,
rotate,4,x,i,i,i,,
rotate,8,z,i,i,i,,
rotate,4,x,i,i,i,,
rotate,4,z,i,i,i,,
rotate,4,x,i,i,i,,
rotate,8,z,i,i,i,,
rotate,4,x,i,i,i,,
rotate,4,z,i,i,i,,
rotate,4,x,i,i,i,,
rotate,8,z,i,i,i,,
rotate,4,x,i,i,i,,
rotate,4,z,i,i,i,,
rotate,4,x,i,i,i,,
rotate,2,z,i,i,i,,
rotate,8,z,i,i,i,,
rotate,4,x,i,i,i,,
rotate,4,z,i,i,i,,
rotate,4,x,i,i,i,,
rotate,4,z,i,i,i,,
rotate,4,i,i,i,z,,
rotate,2,i,i,i,x,,
rotate,4,i,i,i,x,,
rotate,4,i,i,i,z,,
rotate,4,i,i,i,x,,
rotate,2,i,i,i,z,,
rotate,8,i,i,i,z,,
rotate,4,i,i,i,x,,
rotate,4,i,i,i,z,,
rotate,4,i,i,i,x,,
rotate,8,i,i,i,z,,
rotate,4,i,i,i,x,,
rotate,4,i,i,i,z,,
rotate,4,i,i,i,x,,
rotate,8,i,i,i,z,,
rotate,4,i,i,i,x,,
rotate,4,i,i,i,z,,
rotate,4,i,i,i,x,,
rotate,8,i,i,i,z,,
rotate,4,i,i,i,x,,
rotate,4,i,i,i,z,,
rotate,4,i,i,i,x,,
rotate,8,i,i,i,z,,
rotate,4,i,i,i,x,,
rotate,4,i,i,i,z,,
rotate,4,i,i,i,x,,
rotate,2,i,i,i,z,,
rotate,8,i,i,i,z,,
rotate,4,i,i,i,x,,
rotate,4,i,i,i,z,,
rotate,4,i,i,i,x,,
rotate,8,i,i,i,z,,
rotate,4,i,i,i,x,,
rotate,4,i,i,i,z,,
rotate,4,i,i,i,x,,
rotate,2,i,i,i,z,,
rotate,8,i,i,i,z,,
rotate,4,i,i,i,x,,
rotate,4,i,i,i,z,,
rotate,4,i,i,i,x,,
rotate,2,i,i,i,z,,
rotate,8,i,i,i,z,,
rotate,4,i,i,i,x,,
rotate,4,i,i,i,z,,
rotate,4,i,i,i,x,,
rotate,2,i,i,i,z,,
rotate,8,i,i,i,z,,
rotate,4,i,i,i,x,,
rotate,4,i,i,i,z,,
rotate,4,i,i,i,x,,
rotate,4,x,i,i,z,,
rotate,-4,i,i,i,z,,
rotate,-4,x,i,i,i,,
rotate,4,i,i,i,x,,
rotate,4,i,i,i,z,,
rotate,4,i,i,i,x,,
rotate,4,x,i,i,z,,
rotate,-4,i,i,i,z,,
rotate,-4,x,i,i,i,,
rotate,2,z,i,i,i,,
rotate,4,x,i,i,i,,
rotate,4,z,i,i,i,,
rotate,4,x,i,i,i,,
rotate,8,z,i,i,i,,
rotate,4,x,i,i,i,,
rotate,4,z,i,i,i,,
rotate,4,x,i,i,i,,
rotate,8,z,i,i,i,,
rotate,4,x,i,i,i,,
rotate,4,z,i,i,i,,
rotate,4,x,i,i,i,,
rotate,2,z,i,i,i,,
rotate,8,z,i,i,i,,
rotate,4,x,i,i,i,,
rotate,4,z,i,i,i,,
rotate,4,x,i,i,i,,
rotate,2,z,i,i,i,,
rotate,8,z,i,i,i,,
rotate,4,x,i,i,i,,
rotate,4,z,i,i,i,,
rotate,4,x,i,i,i,,
rotate,8,z,i,i,i,,
rotate,4,x,i,i,i,,
rotate,4,z,i,i,i,,
rotate,4,x,i,i,i,,
rotate,8,z,i,i,i,,
rotate,4,x,i,i,i,,
rotate,4,z,i,i,i,,
rotate,4,x,i,i,i,,
rotate,2,z,i,i,i,,
rotate,8,z,i,i,i,,
rotate,4,x,i,i,i,,
rotate,4,z,i,i,i,,
rotate,4,x,i,i,i,,
rotate,2,z,i,i,i,,
rotate,8,z,i,i,i,,
rotate,4,x,i,i,i,,
rotate,4,z,i,i,i,,
rotate,4,x,i,i,i,,
rotate,8,z,i,i,i,,
rotate,4,x,i,i,i,,
rotate,4,z,i,i,i,,
rotate,4,x,i,i,i,,
rotate,8,z,i,i,i,,
rotate,4,x,i,i,i,,
rotate,4,z,i,i,i,,
rotate,4,x,i,i,i,,
rotate,4,z,i,i,i,,
rotate,4,i,i,i,z,,
rotate,4,i,i,i,x,,
rotate,4,i,i,i,z,,
rotate,4,i,i,i,x,,
rotate,8,i,i,i,z,,
rotate,4,i,i,i,x,,
rotate,4,i,i,i,z,,
rotate,4,i,i,i,x,,
rotate,2,i,i,i,z,,
rotate,8,i,i,i,z,,
rotate,4,i,i,i,x,,
rotate,4,i,i,i,z,,
rotate,4,i,i,i,x,,
rotate,8,i,i,i,z,,
rotate,4,i,i,i,x,,
rotate,4,i,i,i,z,,
rotate,4,i,i,i,x,,
rotate,2,i,i,i,z,,
rotate,8,i,i,i,z,,
rotate,4,i,i,i,x,,
rotate,4,i,i,i,z,,
rotate,4,i,i,i,x,,
rotate,2,i,i,i,z,,
rotate,8,i,i,i,z,,
rotate,4,i,i,i,x,,
rotate,4,i,i,i,z,,
rotate,4,i,i,i,x,,
rotate,2,i,i,i,z,,
rotate,8,i,i,i,z,,
rotate,4,i,i,i,x,,
rotate,4,i,i,i,z,,
rotate,4,i,i,i,x,,
rotate,2,i,i,i,z,,
rotate,8,i,i,i,z,,
rotate,4,i,i,i,x,,
rotate,4,i,i,i,z,,
rotate,4,i,i,i,x,,
rotate,8,i,i,i,z,,
rotate,4,i,i,i,x,,
rotate,4,i,i,i,z,,
rotate,4,i,i,i,x,,
rotate,2,i,i,i,z,,
rotate,8,i,i,i,z,,
rotate,4,i,i,i,x,,
rotate,4,i,i,i,z,,
rotate,4,i,i,i,x,,
rotate,8,i,i,i,z,,
rotate,4,i,i,i,x,,
rotate,4,i,i,i,z,,
rotate,4,i,i,i,x,,
rotate,4,x,i,i,z,,
rotate,-4,i,i,i,z,,
rotate,-4,x,i,i,i,,
rotate,4,i,i,i,x,,
rotate,4,i,i,i,z,,
rotate,4,i,i,i,x,,
rotate,4,x,i,i,z,,
rotate,-4,i,i,i,z,,
rotate,-4,x,i,i,i,,
rotate,2,z,i,i,i,,
rotate,2,x,i,i,i,,
rotate,4,x,i,i,i,,
rotate,4,z,i,i,i,,
rotate,4,x,i,i,i,,
rotate,2,z,i,i,i,,
rotate,8,z,i,i,i,,
rotate,4,x,i,i,i,,
rotate,4,z,i,i,i,,
rotate,4,x,i,i,i,,
rotate,2,z,i,i,i,,
rotate,8,z,i,i,i,,
rotate,4,x,i,i,i,,
rotate,4,z,i,i,i,,
rotate,4,x,i,i,i,,
rotate,2,z,i,i,i,,
rotate,8,z,i,i,i,,
rotate,4,x,i,i,i,,
rotate,4,z,i,i,i,,
rotate,4,x,i,i,i,,
rotate,8,z,i,i,i,,
rotate,4,x,i,i,i,,
rotate,4,z,i,i,i,,
rotate,4,x,i,i,i,,
rotate,2,z,i,i,i,,
rotate,8,z,i,i,i,,
rotate,4,x,i,i,i,,
rotate,4,z,i,i,i,,
rotate,4,x,i,i,i,,
rotate,8,z,i,i,i,,
rotate,4,x,i,i,i,,
rotate,4,z,i,i,i,,
rotate,4,x,i,i,i,,
rotate,8,z,i,i,i,,
rotate,4,x,i,i,i,,
rotate,4,z,i,i,i,,
rotate,4,x,i,i,i,,
rotate,8,z,i,i,i,,
rotate,4,x,i,i,i,,
rotate,4,z,i,i,i,,
rotate,4,x,i,i,i,,
rotate,8,z,i,i,i,,
rotate,4,x,i,i,i,,
rotate,4,z,i,i,i,,
rotate,4,x,i,i,i,,
rotate,2,z,i,i,i,,
rotate,8,z,i,i,i,,
rotate,4,x,i,i,i,,
rotate,4,z,i,i,i,,
rotate,4,x,i,i,i,,
rotate,4,z,i,i,i,,
rotate,4,i,i,i,z,,
rotate,2,i,i,i,x,,
rotate,4,i,i,i,x,,
rotate,4,i,i,i,z,,
rotate,4,i,i,i,x,,
rotate,2,i,i,i,z,,
rotate,8,i,i,i,z,,
rotate,4,i,i,i,x,,
rotate,4,i,i,i,z,,
rotate,4,i,i,i,x,,
rotate,8,i,i,i,z,,
rotate,4,i,i,i,x,,
rotate,4,i,i,i,z,,
rotate,4,i,i,i,x,,
rotate,8,i,i,i,z,,
rotate,4,i,i,i,x,,
rotate,4,i,i,i,z,,
rotate,4,i,i,i,x,,
rotate,8,i,i,i,z,,
rotate,4,i,i,i,x,,
rotate,4,i,i,i,z,,
rotate,4,i,i,i,x,,
rotate,8,i,i,i,z,,
rotate,4,i,i,i,x,,
rotate,4,i,i,i,z,,
rotate,4,i,i,i,x,,
rotate,2,i,i,i,z,,
rotate,8,i,i,i,z,,
rotate,4,i,i,i,x,,
rotate,4,i,i,i,z,,
rotate,4,i,i,i,x,,
rotate,8,i,i,i,z,,
rotate,4,i,i,i,x,,
rotate,4,i,i,i,z,,
rotate,4,i,i,i,x,,
rotate,2,i,i,i,z,,
rotate,8,i,i,i,z,,
rotate,4,i,i,i,x,,
rotate,4,i,i,i,z,,
rotate,4,i,i,i,x,,
rotate,2,i,i,i,z,,
rotate,8,i,i,i,z,,
rotate,4,i,i,i,x,,
rotate,4,i,i,i,z,,
rotate,4,i,i,i,x,,
rotate,2,i,i,i,z,,
rotate,8,i,i,i,z,,
rotate,4,i,i,i,x,,
rotate,4,i,i,i,z,,
rotate,4,i,i,i,x,,
rotate,4,x,i,i,z,,
rotate,-4,i,i,i,z,,
rotate,-4,x,i,i,i,,
rotate,4,i,i,i,x,,
rotate,4,i,i,i,z,,
rotate,4,i,i,i,x,,
rotate,4,x,i,i,z,,
rotate,-4,i,i,i,z,,
rotate,-4,x,i,i,i,,
rotate,2,z,i,i,i,,
rotate,4,x,i,i,i,,
rotate,4,z,i,i,i,,
rotate,4,x,i,i,i,,
rotate,8,z,i,i,i,,
rotate,4,x,i,i,i,,
rotate,4,z,i,i,i,,
rotate,4,x,i,i,i,,
rotate,8,z,i,i,i,,
rotate,4,x,i,i,i,,
rotate,4,z,i,i,i,,
rotate,4,x,i,i,i,,
rotate,2,z,i,i,i,,
rotate,8,z,i,i,i,,
rotate,4,x,i,i,i,,
rotate,4,z,i,i,i,,
rotate,4,x,i,i,i,,
rotate,2,z,i,i,i,,
rotate,8,z,i,i,i,,
rotate,4,x,i,i,i,,
rotate,4,z,i,i,i,,
rotate,4,x,i,i,i,,
rotate,8,z,i,i,i,,
rotate,4,x,i,i,i,,
rotate,4,z,i,i,i,,
rotate,4,x,i,i,i,,
rotate,8,z,i,i,i,,
rotate,4,x,i,i,i,,
rotate,4,z,i,i,i,,
rotate,4,x,i,i,i,,
rotate,2,z,i,i,i,,
rotate,8,z,i,i,i,,
rotate,4,x,i,i,i,,
rotate,4,z,i,i,i,,
rotate,4,x,i,i,i,,
rotate,2,z,i,i,i,,
rotate,8,z,i,i,i,,
rotate,4,x,i,i,i,,
rotate,4,z,i,i,i,,
rotate,4,x,i,i,i,,
rotate,8,z,i,i,i,,
rotate,4,x,i,i,i,,
rotate,4,z,i,i,i,,
rotate,4,x,i,i,i,,
rotate,8,z,i,i,i,,
rotate,4,x,i,i,i,,
rotate,4,z,i,i,i,,
rotate,4,x,i,i,i,,
rotate,4,z,i,i,i,,
rotate,4,i,i,i,z,,
rotate,4,i,i,i,x,,
rotate,4,i,i,i,z,,
rotate,4,i,i,i,x,,
rotate,8,i,i,i,z,,
rotate,4,i,i,i,x,,
rotate,4,i,i,i,z,,
rotate,4,i,i,i,x,,
rotate,2,i,i,i,z,,
rotate,8,i,i,i,z,,
rotate,4,i,i,i,x,,
rotate,4,i,i,i,z,,
rotate,4,i,i,i,x,,
rotate,8,i,i,i,z,,
rotate,4,i,i,i,x,,
rotate,4,i,i,i,z,,
rotate,4,i,i,i,x,,
rotate,2,i,i,i,z,,
rotate,8,i,i,i,z,,
rotate,4,i,i,i,x,,
rotate,4,i,i,i,z,,
rotate,4,i,i,i,x,,
rotate,2,i,i,i,z,,
rotate,8,i,i,i,z,,
rotate,4,i,i,i,x,,
rotate,4,i,i,i,z,,
rotate,4,i,i,i,x,,
rotate,2,i,i,i,z,,
rotate,8,i,i,i,z,,
rotate,4,i,i,i,x,,
rotate,4,i,i,i,z,,
rotate,4,i,i,i,x,,
rotate,2,i,i,i,z,,
rotate,8,i,i,i,z,,
rotate,4,i,i,i,x,,
rotate,4,i,i,i,z,,
rotate,4,i,i,i,x,,
rotate,8,i,i,i,z,,
rotate,4,i,i,i,x,,
rotate,4,i,i,i,z,,
rotate,4,i,i,i,x,,
rotate,2,i,i,i,z,,
rotate,8,i,i,i,z,,
rotate,4,i,i,i,x,,
rotate,4,i,i,i,z,,
rotate,4,i,i,i,x,,
rotate,8,i,i,i,z,,
rotate,4,i,i,i,x,,
rotate,4,i,i,i,z,,
rotate,4,i,i,i,x,,
rotate,4,x,i,i,z,,
rotate,-4,i,i,i,z,,
rotate,-4,x,i,i,i,,
rotate,4,i,i,i,x,,
rotate,4,i,i,i,z,,
rotate,4,i,i,i,x,,
rotate,4,x,i,i,z,,
rotate,-4,i,i,i,z,,
rotate,-4,x,i,i,i,,
rotate,2,z,i,i,i,,
rotate,2,x,i,i,i,,
rotate,4,x,i,i,i,,
rotate,4,z,i,i,i,,
rotate,4,x,i,i,i,,
rotate,2,z,i,i,i,,
rotate,8,z,i,i,i,,
rotate,4,x,i,i,i,,
rotate,4,z,i,i,i,,
rotate,4,x,i,i,i,,
rotate,2,z,i,i,i,,
rotate,8,z,i,i,i,,
rotate,4,x,i,i,i,,
rotate,4,z,i,i,i,,
rotate,4,x,i,i,i,,
rotate,2,z,i,i,i,,
rotate,8,z,i,i,i,,
rotate,4,x,i,i,i,,
rotate,4,z,i,i,i,,
rotate,4,x,i,i,i,,
rotate,8,z,i,i,i,,
rotate,4,x,i,i,i,,
rotate,4,z,i,i,i,,
rotate,4,x,i,i,i,,
rotate,2,z,i,i,i,,
rotate,8,z,i,i,i,,
rotate,4,x,i,i,i,,
rotate,4,z,i,i,i,,
rotate,4,x,i,i,i,,
rotate,8,z,i,i,i,,
rotate,4,x,i,i,i,,
rotate,4,z,i,i,i,,
rotate,4,x,i,i,i,,
rotate,8,z,i,i,i,,
rotate,4,x,i,i,i,,
rotate,4,z,i,i,i,,
rotate,4,x,i,i,i,,
rotate,8,z,i,i,i,,
rotate,4,x,i,i,i,,
rotate,4,z,i,i,i,,
rotate,4,x,i,i,i,,
rotate,8,z,i,i,i,,
rotate,4,x,i,i,i,,
rotate,4,z,i,i,i,,
rotate,4,x,i,i,i,,
rotate,2,z,i,i,i,,
rotate,8,z,i,i,i,,
rotate,4,x,i,i,i,,
rotate,4,z,i,i,i,,
rotate,4,x,i,i,i,,
rotate,4,z,i,i,i,,
rotate,4,i,i,i,z,,
rotate,2,i,i,i,x,,
rotate,4,i,i,i,x,,
rotate,4,i,i,i,z,,
rotate,4,i,i,i,x,,
rotate,2,i,i,i,z,,
rotate,8,i,i,i,z,,
rotate,4,i,i,i,x,,
rotate,4,i,i,i,z,,
rotate,4,i,i,i,x,,
rotate,8,i,i,i,z,,
rotate,4,i,i,i,x,,
rotate,4,i,i,i,z,,
rotate,4,i,i,i,x,,
rotate,8,i,i,i,z,,
rotate,4,i,i,i,x,,
rotate,4,i,i,i,z,,
rotate,4,i,i,i,x,,
rotate,8,i,i,i,z,,
rotate,4,i,i,i,x,,
rotate,4,i,i,i,z,,
rotate,4,i,i,i,x,,
rotate,8,i,i,i,z,,
rotate,4,i,i,i,x,,
rotate,4,i,i,i,z,,
rotate,4,i,i,i,x,,
rotate,2,i,i,i,z,,
rotate,8,i,i,i,z,,
rotate,4,i,i,i,x,,
rotate,4,i,i,i,z,,
rotate,4,i,i,i,x,,
rotate,8,i,i,i,z,,
rotate,4,i,i,i,x,,
rotate,4,i,i,i,z,,
rotate,4,i,i,i,x,,
rotate,2,i,i,i,z,,
rotate,8,i,i,i,z,,
rotate,4,i,i,i,x,,
rotate,4,i,i,i,z,,
rotate,4,i,i,i,x,,
rotate,2,i,i,i,z,,
rotate,8,i,i,i,z,,
rotate,4,i,i,i,x,,
rotate,4,i,i,i,z,,
rotate,4,i,i,i,x,,
rotate,2,i,i,i,z,,
rotate,8,i,i,i,z,,
rotate,4,i,i,i,x,,
rotate,4,i,i,i,z,,
rotate,4,i,i,i,x,,
rotate,4,x,i,i,z,,
rotate,-4,i,i,i,z,,
rotate,-4,x,i,i,i,,
rotate,4,x,i,i,i,,
rotate,4,z,i,i,i,,
rotate,4,x,i,i,i,,
rotate,8,z,i,i,i,,
rotate,4,z,x,i,i,,
rotate,-4,z,i,i,i,,
rotate,-4,i,x,i,i,,
rotate,8,i,z,i,i,,
rotate,4,z,x,i,i,,
rotate,-4,z,i,i,i,,
rotate,-4,i,x,i,i,,
rotate,4,z,i,i,i,,
rotate,2,x,i,i,i,,
rotate,4,x,i,i,i,,
rotate,4,z,i,i,i,,
rotate,4,x,i,i,i,,
rotate,2,z,i,i,i,,
rotate,8,z,i,i,i,,
rotate,4,x,i,i,i,,
rotate,4,z,i,i,i,,
rotate,4,x,i,i,i,,
rotate,8,z,i,i,i,,
rotate,4,x,i,i,i,,
rotate,4,z,i,i,i,,
rotate,4,x,i,i,i,,
rotate,2,z,i,i,i,,
rotate,8,z,i,i,i,,
rotate,4,x,i,i,i,,
rotate,4,z,i,i,i,,
rotate,4,x,i,i,i,,
rotate,8,z,i,i,i,,
rotate,4,x,i,i,i,,
rotate,4,z,i,i,i,,
rotate,4,x,i,i,i,,
rotate,8,z,i,i,i,,
rotate,4,x,i,i,i,,
rotate,4,z,i,i,i,,
rotate,4,x,i,i,i,,
rotate,8,z,i,i,i,,
rotate,4,x,i,i,i,,
rotate,4,z,i,i,i,,
rotate,4,x,i,i,i,,
rotate,8,z,i,i,i,,
rotate,4,x,i,i,i,,
rotate,4,z,i,i,i,,
rotate,4,x,i,i,i,,
rotate,2,z,i,i,i,,
rotate,8,z,i,i,i,,
rotate,4,x,i,i,i,,
rotate,4,z,i,i,i,,
rotate,4,x,i,i,i,,
rotate,2,z,i,i,i,,
rotate,8,z,i,i,i,,
rotate,4,x,i,i,i,,
rotate,4,z,i,i,i,,
rotate,4,x,i,i,i,,
rotate,2,z,i,i,i,,
rotate,8,z,i,i,i,,
rotate,4,x,i,i,i,,
rotate,4,z,i,i,i,,
rotate,4,x,i,i,i,,
rotate,8,z,i,i,i,,
rotate,4,x,i,i,i,,
rotate,4,z,i,i,i,,
rotate,4,x,i,i,i,,
rotate,2,z,i,i,i,,
rotate,8,z,i,i,i,,
rotate,4,x,i,i,i,,
rotate,4,z,i,i,i,,
rotate,4,x,i,i,i,,
rotate,2,z,i,i,i,,
rotate,8,z,i,i,i,,
rotate,4,x,i,i,i,,
rotate,4,z,i,i,i,,
rotate,4,x,i,i,i,,
rotate,2,z,i,i,i,,
rotate,8,z,i,i,i,,
rotate,4,x,i,i,i,,
rotate,4,z,i,i,i,,
rotate,4,x,i,i,i,,
rotate,8,z,i,i,i,,
rotate,4,x,i,i,i,,
rotate,4,z,i,i,i,,
rotate,4,x,i,i,i,,
rotate,4,z,i,i,i,,
rotate,4,z,i,x,i,,
rotate,-4,z,i,i,i,,
rotate,-4,i,i,x,i,,
rotate,4,i,x,i,i,,
rotate,4,i,z,i,i,,
rotate,4,i,x,i,i,,
rotate,8,i,z,i,i,,
rotate,2,i,i,x,i,,
rotate,4,i,i,x,i,,
rotate,4,i,i,z,i,,
rotate,4,i,i,x,i,,
rotate,8,i,i,z,i,,
rotate,4,i,i,x,i,,
rotate,4,i,i,z,i,,
rotate,4,i,i,x,i,,
rotate,8,i,i,z,i,,
rotate,4,i,i,x,i,,
rotate,4,i,i,z,i,,
rotate,4,i,i,x,i,,
rotate,8,i,i,z,i,,
rotate,4,i,i,x,i,,
rotate,4,i,i,z,i,,
rotate,4,i,i,x,i,,
rotate,2,i,i,z,i,,
rotate,8,i,i,z,i,,
rotate,4,i,i,x,i,,
rotate,4,i,i,z,i,,
rotate,4,i,i,x,i,,
rotate,8,i,i,z,i,,
rotate,4,i,i,x,i,,
rotate,4,i,i,z,i,,
rotate,4,i,i,x,i,,
rotate,2,i,i,z,i,,
rotate,8,i,i,z,i,,
rotate,4,i,i,x,i,,
rotate,4,i,i,z,i,,
rotate,4,i,i,x,i,,
rotate,2,i,i,z,i,,
rotate,8,i,i,z,i,,
rotate,4,i,i,x,i,,
rotate,4,i,i,z,i,,
rotate,4,i,i,x,i,,
rotate,2,i,i,z,i,,
rotate,8,i,i,z,i,,
rotate,4,i,i,x,i,,
rotate,4,i,i,z,i,,
rotate,4,i,i,x,i,,
rotate,8,i,i,z,i,,
rotate,4,i,i,x,i,,
rotate,4,i,i,z,i,,
rotate,4,i,i,x,i,,
rotate,8,i,i,z,i,,
rotate,4,i,i,x,i,,
rotate,4,i,i,z,i,,
rotate,4,i,i,x,i,,
rotate,8,i,i,z,i,,
rotate,4,i,i,x,i,,
rotate,4,i,i,z,i,,
rotate,4,i,i,x,i,,
rotate,8,i,i,z,i,,
rotate,4,i,i,x,i,,
rotate,4,i,i,z,i,,
rotate,4,i,i,x,i,,
rotate,8,i,i,z,i,,
rotate,4,i,i,x,i,,
rotate,4,i,i,z,i,,
rotate,4,i,i,x,i,,
rotate,2,i,i,z,i,,
rotate,8,i,i,z,i,,
rotate,4,i,i,x,i,,
rotate,4,i,i,z,i,,
rotate,4,i,i,x,i,,
rotate,2,i,i,z,i,,
rotate,8,i,i,z,i,,
rotate,4,i,i,x,i,,
rotate,4,i,i,z,i,,
rotate,4,i,i,x,i,,
rotate,4,z,i,x,i,,
rotate,-4,z,i,i,i,,
rotate,-4,i,i,x,i,,
rotate,8,i,i,z,i,,
rotate,4,i,z,x,i,,
rotate,-4,i,z,i,i,,
rotate,-4,i,i,x,i,,
rotate,8,i,i,z,i,,
rotate,4,i,z,x,i,,
rotate,-4,i,z,i,i,,
rotate,-4,i,i,x,i,,
rotate,4,i,i,x,i,,
rotate,4,i,i,z,i,,
rotate,4,i,i,x,i,,
rotate,4,i,i,i,x,,
rotate,4,i,i,i,z,,
rotate,4,i,i,i,x,,
measure,,z,i,i,i,0,
measure,,i,z,i,i,1,
measure,,i,i,z,i,2,
